id,mu_global,mu_source1,mu_source2,issoil,share,seq,su_sym74,su_code74,su_sym85,su_code85,su_sym90,su_code90,t_texture,drainage,ref_depth,awc_class,phase1,phase2,roots,il,swr,add_prop,t_gravel,t_sand,t_silt,t_clay,t_usda_tex_class,t_ref_bulk_density,t_bulk_density,t_oc,t_ph_h2o,t_cec_clay,t_cec_soil,t_bs,t_teb,t_caco3,t_caso4,t_esp,t_ece,s_gravel,s_sand,s_silt,s_clay,s_usda_tex_class,s_ref_bulk_density,s_bulk_density,s_oc,s_ph_h2o,s_cec_clay,s_cec_soil,s_bs,s_teb,s_caco3,s_caso4,s_esp,s_ece
11345,10730,4400453,4401570,1,50.0,1,-9999,-9999,Jeg,119,FLe,2,3,1,100,1,10,-9999,1,1,2,0,4,19,32,49,3,1.24,1.27,1.19,6.2,38.0,24.0,91.0,22.7,0.0,0.0,1.0,0.1,3,21,32,47,3,1.24,1.39,0.55,6.8,41.0,20.0,99.0,18.2,0.2,0.0,2.0,0.1
11349,10731,4400454,4401575,1,60.0,1,-9999,-9999,Jeg,119,FLe,2,3,1,100,1,10,-9999,0,0,0,0,4,19,32,49,3,1.24,1.27,1.19,6.2,38.0,24.0,91.0,22.7,0.0,0.0,1.0,0.1,3,21,32,47,3,1.24,1.39,0.55,6.8,41.0,20.0,99.0,18.2,0.2,0.0,2.0,0.1
11354,10732,4400455,4401580,1,60.0,1,-9999,-9999,Jcg,114,FLc,3,3,1,100,1,10,-9999,1,1,3,0,4,14,39,47,3,1.23,1.41,0.97,8.0,51.0,28.0,100.0,22.3,13.3,0.0,2.0,1.0,3,15,40,45,3,1.24,1.46,0.45,7.9,51.0,21.0,100.0,20.9,19.2,0.2,3.0,1.9
11357,10733,4400457,4401588,1,80.0,1,-9999,-9999,Jcg,114,FLc,3,1,2,100,1,10,-9999,1,1,2,0,10,79,15,6,12,1.66,1.4,0.41,8.3,109.0,6.0,100.0,11.0,9.1,0.0,4.0,0.4,10,79,15,6,12,1.66,1.5,0.17,8.3,137.0,6.0,94.0,13.9,9.9,0.0,4.0,0.4
11360,10734,4400458,4401591,1,80.0,1,-9999,-9999,Jcg,114,FLc,3,1,2,100,1,10,-9999,0,0,0,0,10,79,15,6,12,1.66,1.4,0.41,8.3,109.0,6.0,100.0,11.0,9.1,0.0,4.0,0.4,10,79,15,6,12,1.66,1.5,0.17,8.3,137.0,6.0,94.0,13.9,9.9,0.0,4.0,0.4
11363,10735,4400459,4401594,1,45.0,1,-9999,-9999,Ges,71,GLe,10,3,1,100,4,-9999,-9999,1,4,3,0,1,17,32,51,3,1.22,1.25,1.25,5.8,37.0,25.0,78.0,18.9,0.0,0.0,2.0,0.1,1,19,29,52,3,1.23,1.35,0.45,6.0,40.0,23.0,84.0,17.0,0.0,0.0,3.0,0.1
11367,10736,4400460,4401598,1,40.0,1,-9999,-9999,Ges,71,GLe,10,2,2,100,1,-9999,-9999,0,0,0,0,4,37,40,23,9,1.38,1.35,1.07,6.2,41.0,13.0,88.0,10.2,0.0,0.0,2.0,0.1,5,36,36,28,5,1.35,1.5,0.37,6.6,42.0,13.0,90.0,11.9,0.0,0.0,2.0,0.1
11371,10737,4400461,4401602,1,60.0,1,-9999,-9999,Ges,71,GLe,10,3,1,100,1,-9999,-9999,1,3,3,0,1,17,32,51,3,1.22,1.25,1.25,5.8,37.0,25.0,78.0,18.9,0.0,0.0,2.0,0.1,1,19,29,52,3,1.23,1.35,0.45,6.0,40.0,23.0,84.0,17.0,0.0,0.0,3.0,0.1
11375,10738,4400462,4401607,1,40.0,1,-9999,-9999,Ges,71,GLe,10,3,1,100,4,-9999,-9999,1,4,3,0,1,17,32,51,3,1.22,1.25,1.25,5.8,37.0,25.0,78.0,18.9,0.0,0.0,2.0,0.1,1,19,29,52,3,1.23,1.35,0.45,6.0,40.0,23.0,84.0,17.0,0.0,0.0,3.0,0.1
11379,10739,4400463,4401612,1,70.0,1,-9999,-9999,Gds,67,GLd,12,2,2,100,4,-9999,-9999,1,4,3,0,2,40,39,21,9,1.4,1.3,1.17,5.1,25.0,11.0,47.0,5.5,0.0,0.0,1.0,0.1,6,41,34,25,9,1.38,1.36,0.4,5.3,29.0,10.0,47.0,6.1,0.0,0.0,1.0,0.1
11382,10740,4400464,4401617,1,70.0,1,-9999,-9999,Gm,84,GLm,14,1,2,100,1,-9999,-9999,1,1,2,0,10,76,14,10,11,1.58,1.48,0.89,6.4,43.0,8.0,73.0,6.3,0.0,0.0,2.0,0.1,8,60,14,26,10,1.41,1.64,0.6,6.7,43.0,13.0,81.0,11.7,0.1,0.1,3.0,0.1
11385,10741,4400465,4401623,1,65.0,1,-9999,-9999,Gmf,86,GLm,14,2,2,100,1,-9999,-9999,1,1,2,0,4,39,39,22,9,1.39,1.28,1.65,6.6,45.0,17.0,87.0,9.8,0.0,0.0,2.0,0.1,3,37,35,28,5,1.35,1.35,0.69,7.2,44.0,15.0,88.0,10.7,4.0,0.0,1.0,0.1
11388,10742,4400466,4401627,1,55.0,1,-9999,-9999,Gh,75,GLu,15,2,2,100,5,1,-9999,1,4,4,0,4,38,42,20,9,1.4,1.31,4.59,5.2,34.0,20.0,82.0,1.8,0.0,0.0,2.0,0.1,5,38,32,30,5,1.34,1.49,0.67,5.2,38.0,11.0,86.0,10.0,0.0,0.0,4.0,0.1
11392,10743,4400467,4401635,1,70.0,1,-9999,-9999,Rc,185,RGc,157,1,6,100,3,-9999,-9999,1,1,1,0,15,85,8,7,12,1.65,1.3,0.49,7.9,111.0,5.0,100.0,4.2,6.0,0.0,4.0,0.2,14,84,9,7,12,1.65,1.6,0.4,8.0,102.0,5.0,100.0,4.2,6.0,0.0,5.0,0.3
11395,10744,4400468,4401638,1,90.0,1,-9999,-9999,Rd,186,RGd,159,1,6,100,3,-9999,-9999,1,1,1,0,19,78,13,9,11,1.6,1.27,0.7,5.6,29.0,6.0,98.0,4.1,0.0,0.0,3.0,0.1,14,77,13,10,11,1.58,1.5,0.31,5.3,36.0,4.0,28.0,1.0,0.0,0.0,3.0,0.1
11398,10745,4400469,4401642,1,60.0,1,-9999,-9999,Qc,175,ARb,40,1,5,100,6,2,-9999,1,1,1,0,2,89,6,5,13,1.7,1.57,0.5,6.0,40.0,3.0,99.0,2.0,0.0,0.0,2.0,0.1,1,89,6,5,13,1.7,1.55,0.3,5.9,42.0,2.0,98.0,1.4,0.0,0.0,3.0,0.1
11403,10746,4400470,4401648,1,50.0,1,-9999,-9999,Ql,181,ARl,41,1,4,100,3,-9999,-9999,1,1,1,0,3,90,5,5,13,1.71,1.5,0.39,5.8,35.0,3.0,76.0,2.0,0.0,0.0,3.0,0.1,4,87,5,8,12,1.63,1.5,0.2,5.7,34.0,3.0,75.0,2.3,0.0,0.0,3.0,0.1
11407,10747,4400471,4401652,1,50.0,1,-9999,-9999,Qc,175,ARb,40,1,6,100,3,-9999,-9999,1,1,1,0,2,89,6,5,13,1.7,1.57,0.5,6.0,40.0,3.0,99.0,2.0,0.0,0.0,2.0,0.1,1,89,6,5,13,1.7,1.55,0.3,5.9,42.0,2.0,98.0,1.4,0.0,0.0,3.0,0.1
11412,10748,4400472,4401658,1,50.0,1,-9999,-9999,E,57,LPk,100,2,3,30,5,-9999,-9999,-9999,-9999,-9999,0,16,37,44,19,9,1.41,1.24,2.13,7.5,80.0,27.0,100.0,28.8,6.0,0.0,2.0,0.1,-9999,-9999,-9999,-9999,-9999,-9999.0,-9999.0,-9999.0,-9999.0,-9999.0,-9999.0,-9999.0,-9999.0,-9999.0,-9999.0,-9999.0,-9999.0
11416,10749,4400473,4401662,1,35.0,1,-9999,-9999,U,198,LPu,102,2,3,30,6,1,-9999,-9999,-9999,-9999,0,6,49,31,20,9,1.43,1.1,2.4,5.1,34.0,12.0,36.0,4.7,0.0,0.0,4.0,0.1,-9999,-9999,-9999,-9999,-9999,-9999.0,-9999.0,-9999.0,-9999.0,-9999.0,-9999.0,-9999.0,-9999.0,-9999.0,-9999.0,-9999.0,-9999.0
11422,10750,4400474,4401668,1,40.0,1,-9999,-9999,Be,18,CMe,62,1,5,100,3,-9999,-9999,1,1,1,0,10,77,14,9,11,1.6,1.5,0.7,6.9,49.0,7.0,91.0,6.7,0.1,0.0,2.0,0.1,20,67,16,17,11,1.48,1.5,0.4,7.3,48.0,8.0,91.0,9.3,0.1,0.0,2.0,0.1
11425,10751,4400475,4401671,1,30.0,1,-9999,-9999,Be,18,CMe,62,1,4,100,6,2,1,3,1,1,0,10,77,14,9,11,1.6,1.5,0.7,6.9,49.0,7.0,91.0,6.7,0.1,0.0,2.0,0.1,20,67,16,17,11,1.48,1.5,0.4,7.3,48.0,8.0,91.0,9.3,0.1,0.0,2.0,0.1
11430,10752,4400476,4401676,1,60.0,1,-9999,-9999,Be,18,CMe,62,1,5,100,3,-9999,-9999,1,2,1,0,10,77,14,9,11,1.6,1.5,0.7,6.9,49.0,7.0,91.0,6.7,0.1,0.0,2.0,0.1,20,67,16,17,11,1.48,1.5,0.4,7.3,48.0,8.0,91.0,9.3,0.1,0.0,2.0,0.1
11434,10753,4400477,4401682,1,50.0,1,-9999,-9999,Be,18,CMe,62,2,3,100,6,2,25,2,1,1,0,9,42,36,22,9,1.4,1.37,1.0,6.6,55.0,16.0,93.0,14.0,0.0,0.0,2.0,0.1,12,41,34,25,9,1.38,1.39,0.37,7.0,55.0,15.0,93.0,15.1,0.1,0.0,2.0,0.1
11438,10754,4400478,4401688,1,40.0,1,-9999,-9999,Be,18,CMe,62,1,5,100,6,25,-9999,1,1,1,0,10,77,14,9,11,1.6,1.5,0.7,6.9,49.0,7.0,91.0,6.7,0.1,0.0,2.0,0.1,20,67,16,17,11,1.48,1.5,0.4,7.3,48.0,8.0,91.0,9.3,0.1,0.0,2.0,0.1
11444,10755,4400479,4401694,1,45.0,1,-9999,-9999,Bec,20,CMe,62,1,5,100,3,-9999,-9999,3,1,1,0,10,77,14,9,11,1.6,1.5,0.7,6.9,49.0,7.0,91.0,6.7,0.1,0.0,2.0,0.1,20,67,16,17,11,1.48,1.5,0.4,7.3,48.0,8.0,91.0,9.3,0.1,0.0,2.0,0.1
11448,10756,4400480,4401698,1,60.0,1,-9999,-9999,Bec,20,CMe,62,2,3,100,5,2,-9999,4,1,1,0,9,42,36,22,9,1.4,1.37,1.0,6.6,55.0,16.0,93.0,14.0,0.0,0.0,2.0,0.1,12,41,34,25,9,1.38,1.39,0.37,7.0,55.0,15.0,93.0,15.1,0.1,0.0,2.0,0.1
11453,10757,4400481,4401704,1,80.0,1,-9999,-9999,Bec,20,CMe,62,2,3,100,5,2,-9999,3,1,1,0,9,42,36,22,9,1.4,1.37,1.0,6.6,55.0,16.0,93.0,14.0,0.0,0.0,2.0,0.1,12,41,34,25,9,1.38,1.39,0.37,7.0,55.0,15.0,93.0,15.1,0.1,0.0,2.0,0.1
11456,10758,4400482,4401709,1,55.0,1,-9999,-9999,Bec,20,CMe,62,2,4,100,1,-9999,-9999,1,1,1,0,9,42,36,22,9,1.4,1.37,1.0,6.6,55.0,16.0,93.0,14.0,0.0,0.0,2.0,0.1,12,41,34,25,9,1.38,1.39,0.37,7.0,55.0,15.0,93.0,15.1,0.1,0.0,2.0,0.1
11460,10759,4400483,4401714,1,70.0,1,-9999,-9999,Bef,21,CMe,62,2,4,100,1,-9999,-9999,1,1,1,0,9,42,36,22,9,1.4,1.37,1.0,6.6,55.0,16.0,93.0,14.0,0.0,0.0,2.0,0.1,12,41,34,25,9,1.38,1.39,0.37,7.0,55.0,15.0,93.0,15.1,0.1,0.0,2.0,0.1
11467,10761,4400485,4401719,1,40.0,1,-9999,-9999,Bd,14,CMd,63,2,3,100,6,1,2,2,1,1,0,10,42,38,20,9,1.41,1.3,1.45,5.1,32.0,12.0,38.0,4.3,0.0,0.0,2.0,0.1,19,45,35,20,9,1.42,1.36,0.5,5.2,35.0,9.0,33.0,2.6,0.0,0.0,2.0,0.1
11472,10762,4400486,4401725,1,45.0,1,-9999,-9999,Bd,14,CMd,63,1,4,100,6,2,-9999,3,1,1,0,10,75,15,10,11,1.58,1.49,0.7,5.1,21.0,5.0,28.0,1.5,0.0,0.0,5.0,0.1,9,68,17,15,11,1.51,1.5,0.27,5.0,31.0,5.0,36.0,1.4,0.0,0.0,5.0,0.1
11478,10763,4400487,4401732,1,50.0,1,-9999,-9999,Bd,14,CMd,63,2,3,100,5,2,-9999,2,1,1,0,10,42,38,20,9,1.41,1.3,1.45,5.1,32.0,12.0,38.0,4.3,0.0,0.0,2.0,0.1,19,45,35,20,9,1.42,1.36,0.5,5.2,35.0,9.0,33.0,2.6,0.0,0.0,2.0,0.1
11482,10764,4400488,4401737,1,50.0,1,-9999,-9999,Bd,14,CMd,63,2,3,100,5,2,-9999,3,1,1,0,10,42,38,20,9,1.41,1.3,1.45,5.1,32.0,12.0,38.0,4.3,0.0,0.0,2.0,0.1,19,45,35,20,9,1.42,1.36,0.5,5.2,35.0,9.0,33.0,2.6,0.0,0.0,2.0,0.1
11487,10765,4400489,4401743,1,50.0,1,-9999,-9999,Bds,17,CMd,63,2,3,100,5,2,-9999,2,1,1,0,10,42,38,20,9,1.41,1.3,1.45,5.1,32.0,12.0,38.0,4.3,0.0,0.0,2.0,0.1,19,45,35,20,9,1.42,1.36,0.5,5.2,35.0,9.0,33.0,2.6,0.0,0.0,2.0,0.1
11493,10766,4400490,4401750,1,60.0,1,-9999,-9999,Bds,17,CMd,63,1,5,100,5,1,-9999,1,1,1,0,10,75,15,10,11,1.58,1.49,0.7,5.1,21.0,5.0,28.0,1.5,0.0,0.0,5.0,0.1,9,68,17,15,11,1.51,1.5,0.27,5.0,31.0,5.0,36.0,1.4,0.0,0.0,5.0,0.1
11497,10767,4400491,4401754,1,50.0,1,-9999,-9999,Q,173,ARb,40,1,6,100,3,8,-9999,2,1,1,0,2,89,6,5,13,1.7,1.57,0.5,6.0,40.0,3.0,99.0,2.0,0.0,0.0,2.0,0.1,1,89,6,5,13,1.7,1.55,0.3,5.9,42.0,2.0,98.0,1.4,0.0,0.0,3.0,0.1
11502,10768,4400492,4401759,1,60.0,1,-9999,-9999,Bgc,26,CMg,69,3,2,100,3,-9999,-9999,1,3,2,0,10,19,32,49,3,1.24,1.31,1.41,5.6,25.0,20.0,74.0,15.6,0.0,0.0,1.0,0.1,24,18,31,51,3,1.23,1.36,0.49,5.7,31.0,21.0,77.0,14.9,0.0,0.0,1.0,0.1
11506,10769,4400493,4401764,1,40.0,1,-9999,-9999,Bgc,26,CMg,69,3,2,100,5,-9999,-9999,1,4,2,0,10,19,32,49,3,1.24,1.31,1.41,5.6,25.0,20.0,74.0,15.6,0.0,0.0,1.0,0.1,24,18,31,51,3,1.23,1.36,0.49,5.7,31.0,21.0,77.0,14.9,0.0,0.0,1.0,0.1
11511,10770,4400494,4401770,1,40.0,1,-9999,-9999,Bgc,26,CMg,69,3,2,100,1,-9999,-9999,0,0,0,0,10,19,32,49,3,1.24,1.31,1.41,5.6,25.0,20.0,74.0,15.6,0.0,0.0,1.0,0.1,24,18,31,51,3,1.23,1.36,0.49,5.7,31.0,21.0,77.0,14.9,0.0,0.0,1.0,0.1
11517,10771,4400495,4401776,1,50.0,1,-9999,-9999,Bgg,28,CMg,69,2,2,100,3,-9999,-9999,1,3,2,0,4,45,36,19,9,1.42,1.41,1.0,6.4,38.0,9.0,85.0,8.2,0.0,0.0,2.0,0.1,18,39,34,27,5,1.36,1.6,0.47,6.7,37.0,11.0,88.0,11.3,0.1,0.0,2.0,0.1
11520,10772,4400496,4401779,1,40.0,1,-9999,-9999,Bgg,28,CMg,69,2,2,100,3,8,-9999,1,3,2,0,4,45,36,19,9,1.42,1.41,1.0,6.4,38.0,9.0,85.0,8.2,0.0,0.0,2.0,0.1,18,39,34,27,5,1.36,1.6,0.47,6.7,37.0,11.0,88.0,11.3,0.1,0.0,2.0,0.1
11523,10773,4400497,4401783,1,50.0,1,-9999,-9999,Bc,9,CMx,66,1,4,100,6,2,-9999,3,1,1,0,5,79,10,11,11,1.57,1.48,0.65,7.1,37.0,7.0,89.0,6.1,5.7,0.0,3.0,0.2,9,74,11,15,11,1.51,1.49,0.2,7.4,39.0,7.0,91.0,7.9,3.9,0.0,2.0,0.2
11527,10774,4400498,4401787,1,70.0,1,-9999,-9999,Lo,148,LVh,106,2,4,100,1,-9999,-9999,1,1,1,0,4,41,37,22,9,1.4,1.43,0.74,6.5,47.0,13.0,91.0,11.0,0.0,0.0,1.0,0.1,3,37,34,29,5,1.35,1.51,0.36,6.7,50.0,14.0,93.0,13.1,0.0,0.0,1.0,0.1
11531,10775,4400499,4401791,1,60.0,1,-9999,-9999,Lo,148,LVh,106,2,4,100,1,-9999,-9999,1,1,1,0,4,41,37,22,9,1.4,1.43,0.74,6.5,47.0,13.0,91.0,11.0,0.0,0.0,1.0,0.1,3,37,34,29,5,1.35,1.51,0.36,6.7,50.0,14.0,93.0,13.1,0.0,0.0,1.0,0.1
11536,10776,4400500,4401796,1,50.0,1,-9999,-9999,Lo,148,LVh,106,2,4,100,3,-9999,-9999,1,3,1,0,4,41,37,22,9,1.4,1.43,0.74,6.5,47.0,13.0,91.0,11.0,0.0,0.0,1.0,0.1,3,37,34,29,5,1.35,1.51,0.36,6.7,50.0,14.0,93.0,13.1,0.0,0.0,1.0,0.1
11540,10777,4400501,4401801,1,65.0,1,-9999,-9999,Lo,148,LVh,106,2,4,100,3,-9999,-9999,1,3,2,0,4,41,37,22,9,1.4,1.43,0.74,6.5,47.0,13.0,91.0,11.0,0.0,0.0,1.0,0.1,3,37,34,29,5,1.35,1.51,0.36,6.7,50.0,14.0,93.0,13.1,0.0,0.0,1.0,0.1
11544,10778,4400502,4401806,1,50.0,1,-9999,-9999,Lo,148,LVh,106,2,4,100,1,-9999,-9999,1,1,1,0,4,41,37,22,9,1.4,1.43,0.74,6.5,47.0,13.0,91.0,11.0,0.0,0.0,1.0,0.1,3,37,34,29,5,1.35,1.51,0.36,6.7,50.0,14.0,93.0,13.1,0.0,0.0,1.0,0.1
11548,10779,4400503,4401811,1,50.0,1,-9999,-9999,Lo,148,LVh,106,2,4,100,3,-9999,-9999,1,3,2,0,4,41,37,22,9,1.4,1.43,0.74,6.5,47.0,13.0,91.0,11.0,0.0,0.0,1.0,0.1,3,37,34,29,5,1.35,1.51,0.36,6.7,50.0,14.0,93.0,13.1,0.0,0.0,1.0,0.1
11552,10780,4400504,4401815,1,50.0,1,-9999,-9999,Lo,148,LVh,106,2,4,100,1,-9999,-9999,1,1,1,0,4,41,37,22,9,1.4,1.43,0.74,6.5,47.0,13.0,91.0,11.0,0.0,0.0,1.0,0.1,3,37,34,29,5,1.35,1.51,0.36,6.7,50.0,14.0,93.0,13.1,0.0,0.0,1.0,0.1
11556,10781,4400505,4401820,1,60.0,1,-9999,-9999,Lc,132,LVx,108,2,4,100,3,-9999,-9999,1,3,2,0,12,48,28,24,9,1.4,1.53,0.83,6.3,39.0,12.0,88.0,10.0,0.0,0.0,1.0,0.1,8,41,25,34,5,1.33,1.51,0.4,6.4,41.0,15.0,90.0,12.0,0.0,0.0,1.0,0.1
11562,10782,4400506,4401826,1,60.0,1,-9999,-9999,Lc,132,LVx,108,2,4,100,3,-9999,-9999,1,3,2,0,12,48,28,24,9,1.4,1.53,0.83,6.3,39.0,12.0,88.0,10.0,0.0,0.0,1.0,0.1,8,41,25,34,5,1.33,1.51,0.4,6.4,41.0,15.0,90.0,12.0,0.0,0.0,1.0,0.1
11568,10783,4400508,4401840,1,50.0,1,-9999,-9999,Lc,132,LVx,108,2,3,100,5,2,-9999,2,1,1,0,12,48,28,24,9,1.4,1.53,0.83,6.3,39.0,12.0,88.0,10.0,0.0,0.0,1.0,0.1,8,41,25,34,5,1.33,1.51,0.4,6.4,41.0,15.0,90.0,12.0,0.0,0.0,1.0,0.1
11574,10784,4400509,4401849,1,35.0,1,-9999,-9999,Lo,148,CMd,63,1,5,100,3,-9999,-9999,1,1,1,0,10,75,15,10,11,1.58,1.49,0.7,5.1,21.0,5.0,28.0,1.5,0.0,0.0,5.0,0.1,9,68,17,15,11,1.51,1.5,0.27,5.0,31.0,5.0,36.0,1.4,0.0,0.0,5.0,0.1
11579,10785,4400510,4401852,1,55.0,1,-9999,-9999,Lg,139,LVg,113,2,2,100,1,-9999,-9999,1,1,2,0,5,47,29,24,9,1.39,1.54,0.83,6.3,46.0,16.0,93.0,14.9,0.0,0.0,2.0,0.1,6,39,27,34,5,1.33,1.65,0.28,7.0,44.0,16.0,99.0,15.9,0.4,0.0,2.0,0.1
11582,10786,4400511,4401855,1,40.0,1,-9999,-9999,Lg,139,LVg,113,1,2,100,1,-9999,-9999,1,1,2,0,4,80,11,9,12,1.6,1.44,0.63,6.5,54.0,6.0,83.0,6.1,0.1,0.1,2.0,0.1,5,68,10,22,10,1.45,1.55,0.3,6.4,43.0,9.0,80.0,5.9,0.1,0.1,1.0,0.1
11586,10787,4400512,4401859,1,60.0,1,-9999,-9999,Lgs,142,LVj,112,2,2,100,5,-9999,-9999,1,4,3,0,4,37,44,19,9,1.41,1.4,0.99,5.8,48.0,12.0,62.0,8.4,0.0,0.0,1.0,0.1,4,31,38,31,5,1.33,1.6,0.29,5.9,50.0,14.0,83.0,10.2,0.0,0.0,1.0,0.1
11590,10788,4400513,4401866,1,50.0,1,-9999,-9999,Lgs,142,LVj,112,3,2,100,5,-9999,-9999,1,4,3,0,4,25,22,53,3,1.24,1.3,0.93,5.9,39.0,27.0,100.0,23.0,0.0,0.0,4.0,0.1,8,23,21,56,3,1.22,1.32,0.54,6.8,38.0,17.0,100.0,25.9,0.4,0.0,1.0,0.1
11594,10789,4400514,4401871,1,40.0,1,-9999,-9999,Lgs,142,LVj,112,2,2,100,3,-9999,-9999,1,3,3,0,4,37,44,19,9,1.41,1.4,0.99,5.8,48.0,12.0,62.0,8.4,0.0,0.0,1.0,0.1,4,31,38,31,5,1.33,1.6,0.29,5.9,50.0,14.0,83.0,10.2,0.0,0.0,1.0,0.1
11679,10813,4410534,4411958,1,50.0,1,-9999,-9999,U,198,LPu,102,2,3,30,6,-9999,-9999,-9999,-9999,-9999,0,6,49,31,20,9,1.43,1.1,2.4,5.1,34.0,12.0,36.0,4.7,0.0,0.0,4.0,0.1,-9999,-9999,-9999,-9999,-9999,-9999.0,-9999.0,-9999.0,-9999.0,-9999.0,-9999.0,-9999.0,-9999.0,-9999.0,-9999.0,-9999.0,-9999.0
11683,10814,4410535,4411962,1,50.0,1,-9999,-9999,Be,18,CMe,62,2,4,100,1,-9999,-9999,1,2,1,0,9,42,36,22,9,1.4,1.37,1.0,6.6,55.0,16.0,93.0,14.0,0.0,0.0,2.0,0.1,12,41,34,25,9,1.38,1.39,0.37,7.0,55.0,15.0,93.0,15.1,0.1,0.0,2.0,0.1
11685,10815,4410536,4411964,1,40.0,1,-9999,-9999,Be,18,CMe,62,1,5,100,3,-9999,-9999,1,1,1,0,10,77,14,9,11,1.6,1.5,0.7,6.9,49.0,7.0,91.0,6.7,0.1,0.0,2.0,0.1,20,67,16,17,11,1.48,1.5,0.4,7.3,48.0,8.0,91.0,9.3,0.1,0.0,2.0,0.1
11688,10816,4410537,4411967,1,60.0,1,-9999,-9999,Bd,14,CMd,63,1,5,100,3,-9999,-9999,1,1,1,0,10,75,15,10,11,1.58,1.49,0.7,5.1,21.0,5.0,28.0,1.5,0.0,0.0,5.0,0.1,9,68,17,15,11,1.51,1.5,0.27,5.0,31.0,5.0,36.0,1.4,0.0,0.0,5.0,0.1
11692,10817,4410538,4411971,1,50.0,1,-9999,-9999,Bds,17,CMd,63,2,4,100,1,-9999,-9999,1,1,1,0,10,42,38,20,9,1.41,1.3,1.45,5.1,32.0,12.0,38.0,4.3,0.0,0.0,2.0,0.1,19,45,35,20,9,1.42,1.36,0.5,5.2,35.0,9.0,33.0,2.6,0.0,0.0,2.0,0.1
11696,10818,4410539,4411975,1,50.0,1,-9999,-9999,Bd,14,CMd,63,1,5,100,3,-9999,-9999,1,1,1,0,10,75,15,10,11,1.58,1.49,0.7,5.1,21.0,5.0,28.0,1.5,0.0,0.0,5.0,0.1,9,68,17,15,11,1.51,1.5,0.27,5.0,31.0,5.0,36.0,1.4,0.0,0.0,5.0,0.1
11700,10819,4410540,4411979,1,40.0,1,-9999,-9999,Bd,14,CMd,63,2,4,100,1,-9999,-9999,1,1,1,0,10,42,38,20,9,1.41,1.3,1.45,5.1,32.0,12.0,38.0,4.3,0.0,0.0,2.0,0.1,19,45,35,20,9,1.42,1.36,0.5,5.2,35.0,9.0,33.0,2.6,0.0,0.0,2.0,0.1
11704,10820,4410541,4411983,1,45.0,1,-9999,-9999,Bds,17,CMd,63,2,3,100,6,2,1,0,0,0,0,10,42,38,20,9,1.41,1.3,1.45,5.1,32.0,12.0,38.0,4.3,0.0,0.0,2.0,0.1,19,45,35,20,9,1.42,1.36,0.5,5.2,35.0,9.0,33.0,2.6,0.0,0.0,2.0,0.1
11709,10821,4410542,4411990,1,50.0,1,-9999,-9999,Lgs,142,LVj,112,2,2,100,1,-9999,-9999,0,0,0,0,4,37,44,19,9,1.41,1.4,0.99,5.8,48.0,12.0,62.0,8.4,0.0,0.0,1.0,0.1,4,31,38,31,5,1.33,1.6,0.29,5.9,50.0,14.0,83.0,10.2,0.0,0.0,1.0,0.1
11715,10822,4410543,4411997,1,40.0,1,-9999,-9999,Po,169,PZh,149,2,4,100,1,-9999,-9999,3,1,1,0,15,50,40,10,9,1.53,1.41,5.27,4.5,89.0,28.0,11.0,5.6,0.0,0.0,1.0,0.1,15,55,35,10,11,1.54,1.44,0.81,5.0,55.0,8.0,13.0,0.8,0.0,0.0,0.0,0.1
11718,10823,4410544,4412000,1,70.0,1,-9999,-9999,Po,169,PZh,149,1,6,100,3,-9999,-9999,3,1,1,0,3,87,9,4,12,1.73,1.4,2.18,4.4,101.0,9.0,11.0,2.6,0.0,0.0,1.0,0.1,4,88,8,4,13,1.74,1.51,0.39,5.0,66.0,2.0,21.0,1.5,0.0,0.0,3.0,0.1
11721,10824,4410545,4412003,1,50.0,1,-9999,-9999,Pp,172,PZf,151,1,6,100,3,-9999,-9999,3,2,4,0,3,86,8,6,12,1.67,1.41,2.02,4.5,78.0,5.0,17.0,2.5,0.0,0.0,0.0,0.1,3,86,6,8,12,1.63,1.57,0.51,5.1,50.0,2.0,21.0,1.5,0.0,0.0,0.0,0.1
11725,10825,4410546,4412007,1,60.0,1,-9999,-9999,Pp,172,PZf,151,1,6,100,4,-9999,-9999,3,3,4,0,3,86,8,6,12,1.67,1.41,2.02,4.5,78.0,5.0,17.0,2.5,0.0,0.0,0.0,0.1,3,86,6,8,12,1.63,1.57,0.51,5.1,50.0,2.0,21.0,1.5,0.0,0.0,0.0,0.1
11728,10826,4410547,4412010,1,50.0,1,-9999,-9999,Pp,172,PZf,151,1,6,100,4,-9999,-9999,3,3,4,0,3,86,8,6,12,1.67,1.41,2.02,4.5,78.0,5.0,17.0,2.5,0.0,0.0,0.0,0.1,3,86,6,8,12,1.63,1.57,0.51,5.1,50.0,2.0,21.0,1.5,0.0,0.0,0.0,0.1
11732,10827,4410548,4412014,1,90.0,1,-9999,-9999,Od,156,HSf,89,3,1,100,1,-9999,-9999,1,1,4,0,1,20,40,40,3,1.26,0.1,33.63,4.3,45.0,77.0,62.0,31.4,0.0,0.0,2.0,0.1,2,47,26,27,10,1.38,0.1,32.89,4.6,71.0,78.0,40.0,27.4,0.0,0.0,1.0,0.1
11735,10828,4410549,4412017,1,50.0,1,-9999,-9999,Od,156,HSf,89,3,1,100,1,-9999,-9999,1,1,4,0,1,20,40,40,3,1.26,0.1,33.63,4.3,45.0,77.0,62.0,31.4,0.0,0.0,2.0,0.1,2,47,26,27,10,1.38,0.1,32.89,4.6,71.0,78.0,40.0,27.4,0.0,0.0,1.0,0.1
11740,10829,4410550,4412022,1,40.0,1,-9999,-9999,Od,156,HSf,89,3,1,100,1,-9999,-9999,1,1,4,0,1,20,40,40,3,1.26,0.1,33.63,4.3,45.0,77.0,62.0,31.4,0.0,0.0,2.0,0.1,2,47,26,27,10,1.38,0.1,32.89,4.6,71.0,78.0,40.0,27.4,0.0,0.0,1.0,0.1
11743,10830,4410551,4412025,1,40.0,1,-9999,-9999,Od,156,HSf,89,3,1,100,1,-9999,-9999,1,1,4,0,1,20,40,40,3,1.26,0.1,33.63,4.3,45.0,77.0,62.0,31.4,0.0,0.0,2.0,0.1,2,47,26,27,10,1.38,0.1,32.89,4.6,71.0,78.0,40.0,27.4,0.0,0.0,1.0,0.1
